url,scheme_name,scheme_category,doc_type
https://www.hdfcfund.com/explore/mutual-funds/hdfc-large-cap-fund/direct,HDFC Large Cap Fund - Direct Growth,large_cap,scheme_page
https://www.hdfcfund.com/explore/mutual-funds/hdfc-equity-fund/direct,HDFC Flexi Cap Fund - Direct Growth,flexi_cap,scheme_page
https://www.hdfcfund.com/explore/mutual-funds/hdfc-elss-tax-saver-fund/direct,HDFC ELSS Tax Saver Fund - Direct Plan Growth,elss,scheme_page
https://www.hdfcfund.com/explore/mutual-funds/hdfc-small-cap-fund/direct,HDFC Small Cap Fund - Direct Growth,small_cap,scheme_page
https://www.hdfcfund.com/explore/mutual-funds/hdfc-balanced-advantage-fund/direct,HDFC Balanced Advantage Fund - Direct Growth,hybrid,scheme_page
https://groww.in/mutual-funds/hdfc-large-cap-fund-direct-growth,HDFC Large Cap Fund - Direct Growth,large_cap,scheme_page
https://groww.in/mutual-funds/hdfc-equity-fund-direct-growth,HDFC Flexi Cap Fund - Direct Growth,flexi_cap,scheme_page
https://groww.in/mutual-funds/hdfc-elss-tax-saver-fund-direct-plan-growth,HDFC ELSS Tax Saver Fund - Direct Plan Growth,elss,scheme_page
https://groww.in/mutual-funds/hdfc-small-cap-fund-direct-growth,HDFC Small Cap Fund - Direct Growth,small_cap,scheme_page
https://groww.in/mutual-funds/hdfc-balanced-advantage-fund-direct-growth,HDFC Balanced Advantage Fund - Direct Growth,hybrid,scheme_page
https://www.mutualfundssahihai.com/en/what-are-expenses-incurred-mutual-fund-scheme,general,guide,amfi
https://www.mutualfundssahihai.com/en/what-are-loads,general,guide,amfi
https://www.mutualfundssahihai.com/en/what-cas-consolidated-account-statement,general,guide,guide
https://www.mutualfundssahihai.com/en/elss-fund-tax-saving-mutual-fund,general,guide,amfi
https://www.mutualfundssahihai.com/en/how-do-i-get-my-returns-mutual-funds,general,guide,guide
https://www.mutualfundssahihai.com/en/what-difference-between-multi-cap-and-flexi-cap-funds,general,guide,amfi
https://www.mutualfundssahihai.com/en/what-are-indicators-risk-mutual-fund-scheme,general,guide,amfi
